{
  "clump_scale": 10,
  "sensory_accuracy": 0.6,
  "lifespan": 1000,
  "run_id": 0,
  "generations_to_success": 200,
  "success": false,
  "final_mean_fitness": 5.480000019073486,
  "final_best_fitness": 220.0,
  "final_std_fitness": 76.1375732421875,
  "fitness_history_generations": [
    0,
    10,
    20,
    30,
    40,
    50,
    60,
    70,
    80,
    90,
    100,
    110,
    120,
    130,
    140,
    150,
    160,
    170,
    180,
    190,
    200
  ],
  "fitness_history_mean": [
    -2.2200000286102295,
    -15.059999465942383,
    8.4399995803833,
    11.34000015258789,
    -3.5199999809265137,
    1.8399999141693115,
    5.279999732971191,
    -0.07999999821186066,
    7.199999809265137,
    -0.5,
    -9.699999809265137,
    6.199999809265137,
    -15.0,
    -11.0,
    -2.819999933242798,
    -21.979999542236328,
    -4.699999809265137,
    -6.579999923706055,
    -27.69999885559082,
    -18.079999923706055,
    5.480000019073486
  ],
  "fitness_history_best": [
    200.0,
    240.0,
    200.0,
    277.0,
    240.0,
    220.0,
    178.0,
    200.0,
    200.0,
    160.0,
    140.0,
    169.0,
    160.0,
    160.0,
    160.0,
    180.0,
    198.0,
    180.0,
    161.0,
    161.0,
    220.0
  ],
  "best_genotype": [
    1,
    1,
    0,
    0,
    1,
    1,
    0,
    1,
    1,
    0,
    0,
    0,
    0,
    1,
    0,
    1,
    0,
    1,
    0,
    1,
    0,
    1,
    1,
    0,
    1,
    1,
    1,
    1,
    1,
    1,
    0,
    1,
    0,
    1,
    1,
    0,
    1,
    1,
    0,
    0
  ],
  "best_weights": [
    3.2800002098083496,
    0.0,
    0.0,
    3.826666831970215
  ],
  "best_biases": [
    1.3666666746139526,
    1.6400001049041748
  ],
  "best_learnable": [
    false,
    true,
    false,
    true,
    true,
    false
  ],
  "seed": 248309276,
  "timestamp": "2026-02-04T09:25:48.473238",
  "runtime_seconds": 86.8158769607544
}