{
  "clump_scale": 1,
  "sensory_accuracy": 0.9,
  "lifespan": 1000,
  "run_id": 1,
  "generations_to_success": 200,
  "success": false,
  "final_mean_fitness": 371.97998046875,
  "final_best_fitness": 457.0,
  "final_std_fitness": 95.7244873046875,
  "fitness_history_generations": [
    0,
    10,
    20,
    30,
    40,
    50,
    60,
    70,
    80,
    90,
    100,
    110,
    120,
    130,
    140,
    150,
    160,
    170,
    180,
    190,
    200
  ],
  "fitness_history_mean": [
    -1.3799999952316284,
    294.8800048828125,
    310.91998291015625,
    342.8999938964844,
    364.7200012207031,
    305.05999755859375,
    356.5,
    309.3800048828125,
    315.79998779296875,
    353.0199890136719,
    328.94000244140625,
    377.1999816894531,
    320.3399963378906,
    334.79998779296875,
    331.1600036621094,
    331.1999816894531,
    324.3399963378906,
    358.2200012207031,
    366.29998779296875,
    288.1999816894531,
    371.97998046875
  ],
  "fitness_history_best": [
    50.0,
    435.0,
    423.0,
    432.0,
    441.0,
    427.0,
    450.0,
    435.0,
    431.0,
    432.0,
    451.0,
    447.0,
    438.0,
    435.0,
    449.0,
    445.0,
    446.0,
    453.0,
    430.0,
    451.0,
    457.0
  ],
  "best_genotype": [
    1,
    1,
    0,
    1,
    1,
    1,
    1,
    0,
    1,
    1,
    1,
    0,
    0,
    0,
    0,
    0,
    1,
    1,
    1,
    0,
    0,
    0,
    1,
    1,
    0,
    1,
    0,
    0,
    0,
    0,
    0,
    0,
    0,
    0,
    0,
    1,
    0,
    0,
    0,
    0
  ],
  "best_weights": [
    3.826666831970215,
    0.0,
    -0.0,
    0.0
  ],
  "best_biases": [
    -0.0,
    -0.273333340883255
  ],
  "best_learnable": [
    true,
    false,
    false,
    false,
    false,
    false
  ],
  "seed": 104818292,
  "timestamp": "2026-02-04T09:24:21.631166",
  "runtime_seconds": 77.07386207580566
}