{
  "clump_scale": 10,
  "sensory_accuracy": 0.6,
  "lifespan": 1000,
  "run_id": 1,
  "generations_to_success": 200,
  "success": false,
  "final_mean_fitness": 4.21999979019165,
  "final_best_fitness": 200.0,
  "final_std_fitness": 81.16706085205078,
  "fitness_history_generations": [
    0,
    10,
    20,
    30,
    40,
    50,
    60,
    70,
    80,
    90,
    100,
    110,
    120,
    130,
    140,
    150,
    160,
    170,
    180,
    190,
    200
  ],
  "fitness_history_mean": [
    -10.84000015258789,
    12.09999942779541,
    6.139999866485596,
    1.1999999284744263,
    21.959999084472656,
    -18.5,
    -0.05999999865889549,
    -17.100000381469727,
    -4.679999828338623,
    -18.5,
    -3.8999998569488525,
    1.3399999141693115,
    -6.859999656677246,
    16.31999969482422,
    11.9399995803833,
    -3.3999998569488525,
    -3.419999837875366,
    -5.079999923706055,
    14.139999389648438,
    2.240000009536743,
    4.21999979019165
  ],
  "fitness_history_best": [
    160.0,
    280.0,
    200.0,
    240.0,
    220.0,
    160.0,
    200.0,
    180.0,
    180.0,
    154.0,
    140.0,
    140.0,
    140.0,
    200.0,
    200.0,
    140.0,
    140.0,
    240.0,
    220.0,
    260.0,
    200.0
  ],
  "best_genotype": [
    1,
    0,
    1,
    0,
    0,
    0,
    1,
    0,
    0,
    0,
    0,
    1,
    1,
    0,
    0,
    0,
    1,
    0,
    1,
    1,
    1,
    0,
    0,
    1,
    1,
    1,
    0,
    1,
    1,
    0,
    1,
    1,
    1,
    0,
    1,
    1,
    1,
    1,
    1,
    1
  ],
  "best_weights": [
    -0.273333340883255,
    -0.0,
    -0.0,
    -0.0
  ],
  "best_biases": [
    3.826666831970215,
    4.099999904632568
  ],
  "best_learnable": [
    true,
    false,
    true,
    true,
    false,
    true
  ],
  "seed": 1367742597,
  "timestamp": "2026-02-04T09:27:12.189187",
  "runtime_seconds": 83.69616770744324
}