{
  "clump_scale": 1,
  "sensory_accuracy": 0.9,
  "lifespan": 1000,
  "run_id": 0,
  "generations_to_success": 200,
  "success": false,
  "final_mean_fitness": -334.5199890136719,
  "final_best_fitness": 10.0,
  "final_std_fitness": 132.5150909423828,
  "fitness_history_generations": [
    0,
    10,
    20,
    30,
    40,
    50,
    60,
    70,
    80,
    90,
    100,
    110,
    120,
    130,
    140,
    150,
    160,
    170,
    180,
    190,
    200
  ],
  "fitness_history_mean": [
    -1.659999966621399,
    -13.519999504089355,
    -138.02000427246094,
    -327.7799987792969,
    -318.8999938964844,
    -318.2799987792969,
    -348.55999755859375,
    -343.9599914550781,
    -338.41998291015625,
    -339.4599914550781,
    -317.5799865722656,
    -362.91998291015625,
    -343.9599914550781,
    -371.53997802734375,
    -313.94000244140625,
    -349.7799987792969,
    -360.79998779296875,
    -350.1600036621094,
    -309.1600036621094,
    -341.5799865722656,
    -334.5199890136719
  ],
  "fitness_history_best": [
    62.0,
    273.0,
    127.0,
    6.0,
    381.0,
    292.0,
    4.0,
    2.0,
    18.0,
    373.0,
    24.0,
    0.0,
    10.0,
    -149.0,
    399.0,
    16.0,
    -22.0,
    10.0,
    395.0,
    68.0,
    10.0
  ],
  "best_genotype": [
    0,
    0,
    0,
    1,
    0,
    1,
    1,
    0,
    0,
    0,
    0,
    0,
    1,
    0,
    0,
    1,
    1,
    1,
    1,
    0,
    0,
    0,
    0,
    0,
    0,
    1,
    0,
    1,
    0,
    1,
    0,
    0,
    0,
    0,
    1,
    0,
    0,
    0,
    1,
    0
  ],
  "best_weights": [
    -0.0,
    -0.0,
    0.0,
    -0.0
  ],
  "best_biases": [
    -0.273333340883255,
    2.18666672706604
  ],
  "best_learnable": [
    true,
    false,
    false,
    true,
    false,
    false
  ],
  "seed": 767915537,
  "timestamp": "2026-02-04T09:23:04.531402",
  "runtime_seconds": 77.39360451698303
}