{
  "clump_scale": 1,
  "sensory_accuracy": 0.75,
  "lifespan": 1000,
  "run_id": 0,
  "generations_to_success": 200,
  "success": false,
  "final_mean_fitness": 213.75999450683594,
  "final_best_fitness": 291.0,
  "final_std_fitness": 79.5048599243164,
  "fitness_history_generations": [
    0,
    10,
    20,
    30,
    40,
    50,
    60,
    70,
    80,
    90,
    100,
    110,
    120,
    130,
    140,
    150,
    160,
    170,
    180,
    190,
    200
  ],
  "fitness_history_mean": [
    -0.5399999618530273,
    136.72000122070312,
    206.8199920654297,
    181.5,
    167.36000061035156,
    208.27999877929688,
    209.67999267578125,
    198.83999633789062,
    172.45999145507812,
    205.6599884033203,
    210.01998901367188,
    204.17999267578125,
    225.27999877929688,
    199.63999938964844,
    198.8199920654297,
    208.6199951171875,
    205.27999877929688,
    187.37998962402344,
    180.55999755859375,
    184.3000030517578,
    213.75999450683594
  ],
  "fitness_history_best": [
    38.0,
    288.0,
    287.0,
    304.0,
    306.0,
    283.0,
    291.0,
    300.0,
    285.0,
    303.0,
    286.0,
    293.0,
    300.0,
    289.0,
    293.0,
    293.0,
    287.0,
    281.0,
    278.0,
    306.0,
    291.0
  ],
  "best_genotype": [
    1,
    1,
    0,
    0,
    1,
    1,
    1,
    0,
    0,
    0,
    1,
    1,
    1,
    0,
    0,
    0,
    1,
    1,
    0,
    1,
    0,
    1,
    0,
    0,
    0,
    1,
    1,
    0,
    0,
    0,
    0,
    0,
    0,
    0,
    0,
    0,
    0,
    0,
    0,
    0
  ],
  "best_weights": [
    3.2800002098083496,
    -0.0,
    -0.0,
    -3.2800002098083496
  ],
  "best_biases": [
    -0.0,
    -0.0
  ],
  "best_learnable": [
    true,
    false,
    false,
    false,
    false,
    false
  ],
  "seed": 1712723395,
  "timestamp": "2026-02-04T09:05:04.175211",
  "runtime_seconds": 72.9779748916626
}