{
  "clump_scale": 1,
  "sensory_accuracy": 0.75,
  "lifespan": 1000,
  "run_id": 1,
  "generations_to_success": 200,
  "success": false,
  "final_mean_fitness": 176.59999084472656,
  "final_best_fitness": 293.0,
  "final_std_fitness": 90.93470764160156,
  "fitness_history_generations": [
    0,
    10,
    20,
    30,
    40,
    50,
    60,
    70,
    80,
    90,
    100,
    110,
    120,
    130,
    140,
    150,
    160,
    170,
    180,
    190,
    200
  ],
  "fitness_history_mean": [
    2.2799999713897705,
    -1.4800000190734863,
    115.37999725341797,
    171.44000244140625,
    149.1199951171875,
    177.83999633789062,
    196.27999877929688,
    178.27999877929688,
    209.13999938964844,
    170.97999572753906,
    185.739990234375,
    147.0,
    175.22000122070312,
    154.36000061035156,
    202.8199920654297,
    171.0800018310547,
    185.0399932861328,
    170.16000366210938,
    153.6199951171875,
    156.37998962402344,
    176.59999084472656
  ],
  "fitness_history_best": [
    77.0,
    74.0,
    240.0,
    285.0,
    286.0,
    296.0,
    277.0,
    278.0,
    283.0,
    286.0,
    289.0,
    291.0,
    284.0,
    296.0,
    301.0,
    276.0,
    279.0,
    287.0,
    301.0,
    266.0,
    293.0
  ],
  "best_genotype": [
    1,
    1,
    1,
    1,
    0,
    0,
    0,
    0,
    0,
    0,
    1,
    1,
    1,
    1,
    0,
    1,
    1,
    1,
    0,
    0,
    0,
    0,
    1,
    0,
    1,
    1,
    0,
    1,
    0,
    0,
    0,
    0,
    1,
    0,
    1,
    1,
    0,
    0,
    1,
    0
  ],
  "best_weights": [
    0.8200000524520874,
    -0.0,
    0.0,
    0.0
  ],
  "best_biases": [
    -2.18666672706604,
    2.4600000381469727
  ],
  "best_learnable": [
    false,
    true,
    false,
    true,
    false,
    false
  ],
  "seed": 84692817,
  "timestamp": "2026-02-04T09:21:47.114770",
  "runtime_seconds": 1002.9062604904175
}