{
  "clump_scale": 1,
  "sensory_accuracy": 0.6,
  "lifespan": 1000,
  "run_id": 1,
  "generations_to_success": 200,
  "success": false,
  "final_mean_fitness": -80.37999725341797,
  "final_best_fitness": 120.0,
  "final_std_fitness": 46.32402801513672,
  "fitness_history_generations": [
    0,
    10,
    20,
    30,
    40,
    50,
    60,
    70,
    80,
    90,
    100,
    110,
    120,
    130,
    140,
    150,
    160,
    170,
    180,
    190,
    200
  ],
  "fitness_history_mean": [
    -3.559999942779541,
    -1.0199999809265137,
    -32.7599983215332,
    -54.97999954223633,
    -71.5999984741211,
    -88.41999816894531,
    -73.15999603271484,
    -89.5,
    -89.1199951171875,
    -67.0199966430664,
    -76.5,
    -89.57999420166016,
    -77.0,
    -71.5,
    -79.79999542236328,
    -82.43999481201172,
    -94.5199966430664,
    -76.0999984741211,
    -72.13999938964844,
    -86.31999969482422,
    -80.37999725341797
  ],
  "fitness_history_best": [
    32.0,
    54.0,
    85.0,
    22.0,
    2.0,
    0.0,
    110.0,
    139.0,
    5.0,
    100.0,
    54.0,
    30.0,
    110.0,
    73.0,
    107.0,
    22.0,
    97.0,
    85.0,
    34.0,
    30.0,
    120.0
  ],
  "best_genotype": [
    1,
    1,
    0,
    0,
    1,
    1,
    1,
    0,
    0,
    1,
    1,
    0,
    1,
    0,
    0,
    1,
    0,
    0,
    0,
    1,
    0,
    0,
    0,
    0,
    0,
    1,
    0,
    0,
    1,
    1,
    0,
    0,
    0,
    0,
    1,
    0,
    0,
    0,
    0,
    1
  ],
  "best_weights": [
    3.2800002098083496,
    -0.0,
    0.0,
    -0.0
  ],
  "best_biases": [
    0.273333340883255,
    0.0
  ],
  "best_learnable": [
    true,
    false,
    false,
    false,
    false,
    true
  ],
  "seed": 1705926158,
  "timestamp": "2026-02-04T09:03:51.175319",
  "runtime_seconds": 55.67656922340393
}