{
  "clump_scale": 1,
  "sensory_accuracy": 0.6,
  "lifespan": 1000,
  "run_id": 0,
  "generations_to_success": 200,
  "success": false,
  "final_mean_fitness": 38.84000015258789,
  "final_best_fitness": 99.0,
  "final_std_fitness": 36.086761474609375,
  "fitness_history_generations": [
    0,
    10,
    20,
    30,
    40,
    50,
    60,
    70,
    80,
    90,
    100,
    110,
    120,
    130,
    140,
    150,
    160,
    170,
    180,
    190,
    200
  ],
  "fitness_history_mean": [
    -1.3600000143051147,
    -5.079999923706055,
    1.6999999284744263,
    0.7400000095367432,
    1.0,
    3.119999885559082,
    1.8199999332427979,
    -0.5799999833106995,
    -0.19999998807907104,
    0.4599999785423279,
    -3.5399999618530273,
    -1.3399999141693115,
    -1.5199999809265137,
    5.900000095367432,
    -0.8399999737739563,
    3.0399999618530273,
    10.679999351501465,
    46.39999771118164,
    56.63999938964844,
    41.939998626708984,
    38.84000015258789
  ],
  "fitness_history_best": [
    47.0,
    29.0,
    54.0,
    66.0,
    85.0,
    74.0,
    44.0,
    41.0,
    60.0,
    50.0,
    53.0,
    62.0,
    52.0,
    54.0,
    78.0,
    84.0,
    74.0,
    94.0,
    122.0,
    107.0,
    99.0
  ],
  "best_genotype": [
    1,
    1,
    0,
    0,
    0,
    1,
    0,
    1,
    0,
    1,
    1,
    1,
    0,
    0,
    0,
    0,
    0,
    0,
    1,
    1,
    1,
    1,
    0,
    0,
    0,
    1,
    0,
    0,
    1,
    1,
    0,
    0,
    1,
    0,
    1,
    0,
    0,
    1,
    0,
    0
  ],
  "best_weights": [
    2.18666672706604,
    -1.9133334159851074,
    -0.0,
    -1.09333336353302
  ],
  "best_biases": [
    2.4600000381469727,
    1.09333336353302
  ],
  "best_learnable": [
    false,
    false,
    true,
    false,
    false,
    false
  ],
  "seed": 64467757,
  "timestamp": "2026-02-04T09:02:55.462035",
  "runtime_seconds": 51.87738275527954
}